condition_id,phase,stratum,tier,n_total,auroc_mean,auroc_sd,auroc_pooled,auroc_ci_lo,auroc_ci_hi,pooling,f1_mean,acc_mean,decoded_text_reference_auroc,gap_to_decoded_text,label_shuffle_auroc
norm-exact-all-fixed-small_cnn,P2,v2,primary,12118,0.8726179699248373,0.02209120712118162,0.8726179699248373,0.8474012731674297,0.8927183087381279,seed_stratified,0.7909709352505498,0.7829459477694423,0.9689005793297856,0.09628260940494826,
norm-exact-all-fixed-small_cnn,P2,v3,primary,9178,0.8021043076008236,0.03324670080672945,0.8021043076008236,0.765840523739153,0.8365015000683008,seed_stratified,0.7303300357042695,0.7097911341860785,0.9718861395012013,0.16978183190037766,
norm-exact-all-fixed-small_cnn,P2,v4,primary,2714,0.8128110204742797,0.011847756046160389,0.8128110204742797,0.7826965534740229,0.8412209670306539,seed_stratified,0.7423740205796301,0.7273954317958478,0.9919612873634067,0.17915026688912705,
norm-exact-data_only-auto-small_cnn,P2,v2,primary,12118,0.7480375398977481,0.023212009106951675,0.7480375398977481,0.7227239710342923,0.7707465295684065,seed_stratified,0.7070520546375144,0.6576428931240448,0.9689005793297856,0.22086303943203744,
norm-exact-data_only-auto-small_cnn,P2,v3,primary,9178,0.6781531063589095,0.025991258921675652,0.6781531063589095,0.6539719870351527,0.7023559410569695,seed_stratified,0.6726339123287052,0.5688685509043292,0.9718861395012013,0.2937330331422918,
norm-exact-data_only-auto-small_cnn,P2,v4,primary,2714,0.6746394114887166,0.03908778849774952,0.6746394114887166,0.64614935217414,0.7018233158716016,seed_stratified,0.6569533496439204,0.5791743835272072,0.9919612873634067,0.3173218758746901,
norm-exact-data_only-fixed-bit_mlp,P1,v2,primary,12118,0.8335410816836342,0.018244206301675645,0.8335410816836342,0.800781171221539,0.8617600611187606,seed_stratified,0.7595620923853408,0.7350092823019926,0.9689005793297856,0.1353594976461514,
norm-exact-data_only-fixed-bit_mlp,P1,v3,primary,9178,0.7318481736336359,0.02601683242325364,0.7318481736336359,0.6946510390914883,0.7727285646787648,seed_stratified,0.6839568318239924,0.6294184563772091,0.9718861395012013,0.24003796586756543,
norm-exact-data_only-fixed-bit_mlp,P1,v4,primary,2714,0.6900294383080572,0.017610796298000757,0.6900294383080572,0.6492164018857555,0.7269726671862614,seed_stratified,0.655376836357451,0.5998941800480754,0.9919612873634067,0.30193184905534953,
norm-exact-data_only-fixed-bit_mlp-shufflepos,P1,v2,primary,12118,0.8339298968437525,0.02081156156206434,0.8339298968437525,0.8005316523502306,0.8626897091371852,seed_stratified,0.7587794876538967,0.7360800039480108,,,
norm-exact-data_only-fixed-bit_mlp-shufflepos,P1,v3,primary,9178,0.73257621997391,0.03269346953641818,0.73257621997391,0.6957920735077093,0.7720444094205318,seed_stratified,0.687375958201403,0.6227087400687529,,,
norm-exact-data_only-fixed-bit_mlp-shufflepos,P1,v4,primary,2714,0.705928740874185,0.019308821042196538,0.705928740874185,0.6656432071733598,0.7435509743906051,seed_stratified,0.6604489085162728,0.6282812692826291,,,
norm-exact-data_only-fixed-small_cnn,P1,v2,primary,12118,0.8718063340250195,0.01931965845509295,0.8718063340250195,0.8463942691759597,0.8920334885697078,seed_stratified,0.7940974754493033,0.7846978280002163,0.9689005793297856,0.09709424530476607,
norm-exact-data_only-fixed-small_cnn,P1,v3,primary,9178,0.8136102834431069,0.030278278811469217,0.8136102834431069,0.7732768658180168,0.8525854495764501,seed_stratified,0.7395146357527107,0.7153003896726051,0.9718861395012013,0.15827585605809436,
norm-exact-data_only-fixed-small_cnn,P1,v4,primary,2714,0.8050358218778577,0.010378221168329026,0.8050358218778577,0.7709395880496754,0.8365798907796343,seed_stratified,0.7244844252774365,0.7217139221360945,0.9919612873634067,0.186925465485549,
norm-exact-data_only-fixed-small_cnn-ecm,P2,v3,primary,10482,0.8473542505755077,0.005831814291081852,0.8473542505755077,0.8162934071326833,0.8710127297921932,seed_stratified,0.7781890046957866,0.7661577608142494,0.9606558449992594,0.11330159442375165,
norm-exact-data_only-fixed-small_cnn-labelshuffle,P1,v2,primary,12118,0.4975583389176038,0.012269899432357857,0.4975583389176038,0.477035498813538,0.5192752292965384,seed_stratified,0.6651855391870916,0.49933448481198617,,,0.4975583389176038
norm-exact-data_only-fixed-small_cnn-labelshuffle,P1,v3,primary,9178,0.5080311316312779,0.013027137523220739,0.5080311316312779,0.4892401452133506,0.5250099800995848,seed_stratified,0.6660766001009651,0.49985553892150436,,,0.5080311316312779
norm-exact-data_only-fixed-small_cnn-labelshuffle,P1,v4,primary,2714,0.5062913436385756,0.03163511108906163,0.5062913436385756,0.47758421169799636,0.539834178253945,seed_stratified,0.6641663755665068,0.501437472861485,,,0.5062913436385756
norm-exact-data_only-fixed-small_cnn-pathplus,P2,v2,primary,5410,0.7271558882953257,0.03146944612562124,0.7271558882953257,0.6772787841453657,0.7787889352446802,seed_stratified,0.6887379540828067,0.626205072067141,0.9138275312937164,0.18667164299839067,
norm-exact-data_only-fixed-small_cnn-pathplus,P2,v3,primary,7322,0.7662246706099973,0.03775982937954775,0.7662246706099973,0.7127831007603969,0.8160274094939739,seed_stratified,0.7046125411216806,0.6703781996592237,0.9683373131852815,0.20211264257528416,
norm-exact-data_only-fixed-small_cnn-pathplus,P2,v4,primary,2664,0.8216672889882084,0.04196035955883931,0.8216672889882084,0.7838139684521289,0.852535480442102,seed_stratified,0.7599274531378821,0.7401031656944996,0.9883958348988111,0.1667285459106027,
norm-exact-data_only-fixed-small_cnn-shufflepos,P1,v2,primary,12118,0.7653059941088065,0.019150859792707996,0.7653059941088065,0.7216163900747505,0.8026198572049537,seed_stratified,0.713516444736077,0.6815355389893266,,,
norm-exact-data_only-fixed-small_cnn-shufflepos,P1,v3,primary,9178,0.6705184531459848,0.012342626779574957,0.6705184531459848,0.6408882411800855,0.7026867090406521,seed_stratified,0.6776545215220859,0.5558845405444562,,,
norm-exact-data_only-fixed-small_cnn-shufflepos,P1,v4,primary,2714,0.6558584736272405,0.02113775921819817,0.6558584736272405,0.6257717964842244,0.6886474292131604,seed_stratified,0.6677925850173022,0.5692716406933332,,,
norm-exact-data_only-off-small_cnn,P2,v2,primary,12118,0.8711578470148378,0.02041962677032883,0.8711578470148378,0.8425378043650388,0.8933023068992408,seed_stratified,0.7896447434831055,0.7757931050848867,0.9689005793297856,0.09774273231494779,
norm-exact-data_only-off-small_cnn,P2,v3,primary,9178,0.802659543301005,0.044243005687840065,0.802659543301005,0.7570215299210874,0.8451097644071784,seed_stratified,0.7251836289533321,0.6920259347191177,0.9718861395012013,0.1692265962001963,
norm-exact-data_only-off-small_cnn,P2,v4,primary,2714,0.8155846431919114,0.030498278570958024,0.8155846431919114,0.7843417585563954,0.8429592034291151,seed_stratified,0.7480612540798526,0.7280655853504998,0.9919612873634067,0.17637664417149534,
norm-none-data_only-fixed-small_cnn,P2,v2,primary,16627,0.8766408866440087,0.013490609500948,0.8766408866440087,0.857137109919545,0.8936727841001882,seed_stratified,0.7379599699757742,0.8042186124355896,0.9696915535700926,0.09305066692608388,
norm-none-data_only-fixed-small_cnn,P2,v3,primary,11996,0.8159707015026807,0.05318653396667805,0.8159707015026807,0.7768351092982707,0.8528471148354156,seed_stratified,0.6769926762300922,0.7396331295163979,0.9737868021361968,0.15781610063351614,
norm-none-data_only-fixed-small_cnn,P2,v4,primary,3930,0.8289483603467772,0.019905011695264926,0.8289483603467772,0.7916314233937091,0.8631840659031031,seed_stratified,0.8202602148778878,0.7599320882852292,0.9940218620429702,0.16507350169619295,
norm-none-data_only-fixed-small_cnn-padrand,P2,v2,primary,16627,0.861769172952594,0.012343452664026245,0.861769172952594,0.8403194273866162,0.8812627593757866,seed_stratified,0.7178982596249227,0.7743815160396184,0.9696915535700926,0.10792238061749859,
norm-none-data_only-fixed-small_cnn-padrand,P2,v3,primary,11996,0.7947545482714355,0.04471429313159982,0.7947545482714355,0.7553048197696954,0.8317191831665559,seed_stratified,0.6635502384815787,0.6994997220678154,0.9737868021361968,0.1790322538647613,
norm-none-data_only-fixed-small_cnn-padrand,P2,v4,primary,3930,0.7988591531599447,0.01421372524288721,0.7988591531599447,0.7590467506487597,0.8369537552143543,seed_stratified,0.8045471545645135,0.7341256366723259,0.9940218620429702,0.19516270888302545,
norm-quantile-data_only-fixed-small_cnn,P2,v2,primary,12200,0.8527648726590737,0.018385181703432143,0.8527648726590737,0.8279974714064156,0.8777049172739215,seed_stratified,0.7788991296805589,0.7630632817833469,0.9663809288760963,0.11361605621702253,
norm-quantile-data_only-fixed-small_cnn,P2,v3,primary,9230,0.8173605917231725,0.03523640314977942,0.8173605917231725,0.7791812595661798,0.8540012795738995,seed_stratified,0.7401985674566032,0.7022367338229022,0.9705462400354474,0.15318564831227488,
norm-quantile-data_only-fixed-small_cnn,P2,v4,primary,2802,0.7967248115188966,0.01976387518990818,0.7967248115188966,0.7607180680316334,0.8291355874339025,seed_stratified,0.725972133136009,0.6984785133565622,0.9917828309193993,0.1950580194005027,
raw-exact-data_only-fixed-small_cnn,P2,v2,primary,12124,0.9205980727346015,0.01122131928358323,0.9205980727346015,0.9055702467336281,0.9355488309888312,seed_stratified,0.8481183035242168,0.8408707622938021,0.9661195228173692,0.045521450082767756,
raw-exact-data_only-fixed-small_cnn,P2,v3,primary,11594,0.873147804206444,0.009946463231752101,0.873147804206444,0.832707374804363,0.9121651934138592,seed_stratified,0.7925440533522854,0.7823741583281804,0.9699878026228156,0.09683999841637159,
raw-exact-data_only-fixed-small_cnn,P2,v4,primary,3436,0.8918571831359314,0.004905075238970417,0.8918571831359314,0.8666176872452057,0.9119588358097884,seed_stratified,0.8109970415480839,0.8041244483108493,0.9931369964813317,0.10127981334540026,
